currency,rate
USD,0.8889
JPY,110.72
BGN,1.9465
CYP,0.57478
CZK,32.967
DKK,7.4455
EEK,15.6466
GBP,0.62555
HUF,248.9
LTL,3.5546
LVL,0.5565
MTL,0.4028
PLN,3.6323
ROL,28093.0
SEK,9.3619
SIT,219.6729
SKK,43.15
CHF,1.4741
ISK,97.21
NOK,7.976
TRL,1294000.0
AUD,1.7176
CAD,1.3973
HKD,6.9331
KRW,1128.37
NZD,2.136
SGD,1.6298
ZAR,9.8623
