currency,rate
USD,0.8919
JPY,107.66
BGN,1.9461
CYP,0.57366
CZK,33.3
DKK,7.4525
EEK,15.6466
GBP,0.61355
HUF,250.62
LTL,3.5673
LVL,0.5544
MTL,0.4018
PLN,3.631
ROL,27870.0
SEK,9.4107
SIT,220.15
SKK,42.881
CHF,1.4634
ISK,93.73
NOK,7.897
TRL,1391000.0
AUD,1.7166
CAD,1.429
HKD,6.9567
KRW,1145.2
NZD,2.1118
SGD,1.6268
ZAR,8.6202
