currency,rate
USD,0.8921
JPY,118.05
BGN,1.9549
CYP,0.57587
CZK,32.283
DKK,7.4383
EEK,15.6466
GBP,0.61875
HUF,244.19
LTL,3.568
LVL,0.5638
MTL,0.4022
PLN,3.5578
ROL,28573.0
SEK,9.246
SIT,218.6013
SKK,42.829
CHF,1.4791
ISK,91.06
NOK,7.9475
TRL,1244000.0
AUD,1.707
CAD,1.4231
HKD,6.9571
KRW,1165.89
NZD,2.0812
SGD,1.6469
ZAR,10.0941
