currency,rate
USD,0.8651
JPY,116.07
BGN,1.948
CYP,0.57534
CZK,31.612
DKK,7.4317
EEK,15.6466
GBP,0.61115
HUF,245.63
LTL,3.4525
LVL,0.5555
MTL,0.3979
PLN,3.6475
ROL,28197.0
SEK,9.0625
SIT,223.4338
SKK,41.67
CHF,1.4759
ISK,86.97
NOK,7.712
TRL,1205000.0
AUD,1.6761
CAD,1.3886
HKD,6.747
KRW,1145.22
NZD,2.0576
SGD,1.587
ZAR,9.8682
