currency,rate
USD,0.9763
JPY,121.34
BGN,1.9463
CYP,0.57234
CZK,30.815
DKK,7.4311
EEK,15.6466
GBP,0.62665
HUF,245.4
LTL,3.4526
LVL,0.5932
MTL,0.4123
PLN,4.058
ROL,32442.0
SEK,9.0947
SIT,228.775
SKK,41.974
CHF,1.4669
ISK,86.46
NOK,7.412
TRL,1614000.0
AUD,1.774
CAD,1.539
HKD,7.6146
KRW,1205.73
NZD,2.0274
SGD,1.7373
ZAR,10.0814
