currency,rate
USD,1.136
JPY,134.12
BGN,1.9463
CYP,0.58713
CZK,31.634
DKK,7.4351
EEK,15.6466
GBP,0.68855
HUF,263.02
LTL,3.4534
LVL,0.6444
MTL,0.4259
PLN,4.436
ROL,37385.0
SEK,9.202
SIT,234.35
SKK,41.514
CHF,1.5546
ISK,87.3
NOK,8.287
TRL,1594000.0
AUD,1.6675
CAD,1.5306
HKD,8.8587
KRW,1342.75
NZD,1.8982
SGD,1.9926
ZAR,8.4912
