currency,rate
USD,1.2254
JPY,132.14
BGN,1.9515
CYP,0.58404
CZK,32.085
DKK,7.4394
EEK,15.6466
GBP,0.70125
HUF,263.25
LTL,3.4524
LVL,0.6618
MTL,0.4301
PLN,4.6605
ROL,40663.0
SEK,8.9655
SIT,236.64
SKK,41.155
CHF,1.5498
ISK,89.73
NOK,8.185
TRL,1759713.0
AUD,1.6493
CAD,1.6059
HKD,9.5127
KRW,1452.16
NZD,1.8894
SGD,2.0964
ZAR,7.8531
