currency,rate
USD,1.2403
JPY,133.38
BGN,1.9546
CYP,0.58478
CZK,32.34
DKK,7.4428
EEK,15.6466
GBP,0.70155
HUF,263.72
LTL,3.4523
LVL,0.6661
MTL,0.4307
PLN,4.6557
ROL,40719.0
SEK,9.0825
SIT,236.77
SKK,41.14
CHF,1.5563
ISK,90.01
NOK,8.335
TRL,1777136.0
AUD,1.684
CAD,1.6496
HKD,9.6305
KRW,1474.53
NZD,1.9265
SGD,2.1186
ZAR,8.2509
