currency,rate
USD,1.1629
JPY,128.21
BGN,1.9464
CYP,0.58394
CZK,31.785
DKK,7.4319
EEK,15.6466
GBP,0.69385
HUF,256.45
LTL,3.4531
LVL,0.6455
MTL,0.4276
PLN,4.6049
ROL,38850.0
SEK,9.0645
SIT,235.6
SKK,41.335
CHF,1.5524
ISK,89.17
NOK,8.273
TRL,1672000.0
AUD,1.6805
CAD,1.5335
HKD,9.0115
KRW,1365.3
NZD,1.9526
SGD,2.0293
ZAR,8.3885
