currency,rate
USD,1.1734
JPY,138.14
BGN,1.9465
CYP,0.58599
CZK,31.285
DKK,7.4238
EEK,15.6466
GBP,0.70215
HUF,258.45
LTL,3.4523
LVL,0.6567
MTL,0.4287
PLN,4.4555
ROL,38250.0
SEK,9.0914
SIT,233.705
SKK,41.455
CHF,1.5384
ISK,86.17
NOK,8.195
TRL,1665000.0
AUD,1.7696
CAD,1.5883
HKD,9.1513
KRW,1400.22
NZD,2.03
SGD,2.0386
ZAR,9.3779
