currency,rate
USD,1.1766
JPY,129.41
BGN,1.9477
CYP,0.58404
CZK,31.891
DKK,7.4386
EEK,15.6466
GBP,0.69415
HUF,262.1
LTL,3.4529
LVL,0.6491
MTL,0.4279
PLN,4.6489
ROL,40058.0
SEK,8.9847
SIT,236.315
SKK,40.95
CHF,1.5535
ISK,88.94
NOK,8.157
TRL,1729824.0
AUD,1.6407
CAD,1.548
HKD,9.1394
KRW,1415.33
NZD,1.8492
SGD,2.027
ZAR,7.7563
