currency,rate
USD,1.1319
JPY,132.81
BGN,1.9462
CYP,0.58723
CZK,31.845
DKK,7.4313
EEK,15.6466
GBP,0.70325
HUF,261.05
LTL,3.4523
LVL,0.6453
MTL,0.4275
PLN,4.4481
ROL,37034.0
SEK,9.1465
SIT,234.5
SKK,41.68
CHF,1.5515
ISK,87.43
NOK,8.3575
TRL,1561000.0
AUD,1.717
CAD,1.5584
HKD,8.8286
KRW,1331.23
NZD,1.927
SGD,1.9871
ZAR,8.7311
