currency,rate
USD,1.0763
JPY,127.84
BGN,1.9535
CYP,0.58059
CZK,31.612
DKK,7.4311
EEK,15.6466
GBP,0.67445
HUF,246.11
LTL,3.4525
LVL,0.6227
MTL,0.4222
PLN,4.189
ROL,35150.0
SEK,9.1073
SIT,231.4314
SKK,42.167
CHF,1.4707
ISK,84.37
NOK,7.536
TRL,1761000.0
AUD,1.8059
CAD,1.6212
HKD,8.3945
KRW,1280.15
NZD,1.9407
SGD,1.8798
ZAR,8.7543
