currency,rate
USD,1.1473
JPY,125.7
BGN,1.9474
CYP,0.58302
CZK,31.936
DKK,7.4366
EEK,15.6466
GBP,0.68385
HUF,257.15
LTL,3.4533
LVL,0.641
MTL,0.4258
PLN,4.5914
ROL,39601.0
SEK,9.0338
SIT,236.01
SKK,41.315
CHF,1.5652
ISK,87.42
NOK,8.248
TRL,1693500.0
AUD,1.6171
CAD,1.5279
HKD,8.9117
KRW,1356.62
NZD,1.8593
SGD,1.9968
ZAR,7.916
