currency,rate
USD,1.1493
JPY,128.35
BGN,1.9465
CYP,0.58428
CZK,31.87
DKK,7.4279
EEK,15.6466
GBP,0.69335
HUF,254.2
LTL,3.4528
LVL,0.6441
MTL,0.4269
PLN,4.499
ROL,38220.0
SEK,8.8848
SIT,235.37
SKK,41.31
CHF,1.5495
ISK,89.32
NOK,8.0445
TRL,1579876.0
AUD,1.6852
CAD,1.5516
HKD,8.9229
KRW,1323.59
NZD,1.9209
SGD,1.9909
ZAR,8.1805
