currency,rate
USD,1.1788
JPY,127.85
BGN,1.9473
CYP,0.58449
CZK,32.105
DKK,7.4292
EEK,15.6466
GBP,0.70845
HUF,254.45
LTL,3.4524
LVL,0.6514
MTL,0.4296
PLN,4.5466
ROL,38591.0
SEK,9.002
SIT,235.8
SKK,41.27
CHF,1.55
ISK,89.17
NOK,8.227
TRL,1641000.0
AUD,1.7056
CAD,1.5676
HKD,9.1177
KRW,1352.26
NZD,1.9654
SGD,2.0326
ZAR,8.1512
