currency,rate
USD,1.1669
JPY,127.71
BGN,1.9464
CYP,0.58449
CZK,32.022
DKK,7.4281
EEK,15.6466
GBP,0.69905
HUF,256.34
LTL,3.4524
LVL,0.6466
MTL,0.4283
PLN,4.5554
ROL,38763.0
SEK,8.9634
SIT,235.68
SKK,41.185
CHF,1.5455
ISK,88.87
NOK,8.2655
TRL,1643000.0
AUD,1.6936
CAD,1.5496
HKD,9.0355
KRW,1365.8
NZD,1.9652
SGD,2.0281
ZAR,8.1402
