currency,rate
USD,1.1589
JPY,127.71
BGN,1.9477
CYP,0.58309
CZK,32.02
DKK,7.4335
EEK,15.6466
GBP,0.68365
HUF,262.8
LTL,3.4523
LVL,0.6452
MTL,0.4261
PLN,4.6585
ROL,39455.0
SEK,9.073
SIT,235.78
SKK,41.425
CHF,1.5545
ISK,88.23
NOK,8.227
TRL,1708440.0
AUD,1.6381
CAD,1.5391
HKD,8.9996
KRW,1374.05
NZD,1.892
SGD,2.0185
ZAR,7.9469
