currency,rate
USD,1.1295
JPY,133.86
BGN,1.9461
CYP,0.58706
CZK,32.149
DKK,7.4331
EEK,15.6466
GBP,0.70545
HUF,258.5
LTL,3.4533
LVL,0.6456
MTL,0.4276
PLN,4.3684
ROL,37375.0
SEK,9.2355
SIT,234.965
SKK,41.89
CHF,1.5383
ISK,88.74
NOK,8.202
TRL,1585000.0
AUD,1.7214
CAD,1.5722
HKD,8.8093
KRW,1331.85
NZD,1.9284
SGD,1.9824
ZAR,8.3129
