currency,rate
USD,1.1326
JPY,134.83
BGN,1.9462
CYP,0.58706
CZK,32.03
DKK,7.4345
EEK,15.6466
GBP,0.70335
HUF,259.24
LTL,3.4533
LVL,0.6469
MTL,0.4276
PLN,4.364
ROL,37300.0
SEK,9.202
SIT,234.945
SKK,41.71
CHF,1.5367
ISK,88.63
NOK,8.1625
TRL,1588000.0
AUD,1.7384
CAD,1.5813
HKD,8.8337
KRW,1337.0
NZD,1.945
SGD,1.9879
ZAR,8.3066
