currency,rate
USD,1.1778
JPY,128.17
BGN,1.9468
CYP,0.58323
CZK,32.085
DKK,7.4384
EEK,15.6466
GBP,0.69705
HUF,257.2
LTL,3.4527
LVL,0.6487
MTL,0.4283
PLN,4.5973
ROL,39895.0
SEK,8.9665
SIT,236.11
SKK,40.935
CHF,1.5568
ISK,89.16
NOK,8.189
TRL,1725697.0
AUD,1.6412
CAD,1.5424
HKD,9.138
KRW,1390.39
NZD,1.8652
SGD,2.0285
ZAR,7.9199
