currency,rate
USD,1.1736
JPY,126.97
BGN,1.9479
CYP,0.58316
CZK,32.058
DKK,7.4332
EEK,15.6466
GBP,0.68825
HUF,256.2
LTL,3.4526
LVL,0.6491
MTL,0.4271
PLN,4.6739
ROL,39512.0
SEK,9.0152
SIT,235.8
SKK,41.305
CHF,1.5495
ISK,88.97
NOK,8.226
TRL,1750510.0
AUD,1.6549
CAD,1.5337
HKD,9.1106
KRW,1380.56
NZD,1.9096
SGD,2.0353
ZAR,8.0806
