currency,rate
USD,1.2258
JPY,131.45
BGN,1.9507
CYP,0.58381
CZK,32.157
DKK,7.4433
EEK,15.6466
GBP,0.70335
HUF,267.2
LTL,3.4528
LVL,0.6619
MTL,0.4304
PLN,4.6692
ROL,40593.0
SEK,8.9398
SIT,236.63
SKK,41.09
CHF,1.5473
ISK,89.82
NOK,8.11
TRL,1755959.0
AUD,1.6524
CAD,1.5918
HKD,9.5168
KRW,1454.66
NZD,1.8909
SGD,2.0993
ZAR,7.8412
