currency,rate
USD,1.2407
JPY,133.12
BGN,1.9553
CYP,0.58575
CZK,32.64
DKK,7.443
EEK,15.6466
GBP,0.70175
HUF,260.36
LTL,3.4521
LVL,0.6665
MTL,0.4307
PLN,4.6694
ROL,40485.0
SEK,9.0905
SIT,236.81
SKK,41.16
CHF,1.559
ISK,89.66
NOK,8.4198
TRL,1770408.0
AUD,1.6727
CAD,1.6349
HKD,9.635
KRW,1488.41
NZD,1.9181
SGD,2.1185
ZAR,8.4762
