currency,rate
USD,1.1466
JPY,135.4
BGN,1.9465
CYP,0.58683
CZK,31.625
DKK,7.4338
EEK,15.6466
GBP,0.68675
HUF,263.98
LTL,3.4531
LVL,0.6474
MTL,0.4261
PLN,4.4595
ROL,37611.0
SEK,9.1783
SIT,234.205
SKK,41.525
CHF,1.55
ISK,87.61
NOK,8.267
TRL,1596000.0
AUD,1.6863
CAD,1.5341
HKD,8.9414
KRW,1353.56
NZD,1.9252
SGD,2.0046
ZAR,8.6278
