currency,rate
USD,1.1688
JPY,126.82
BGN,1.9471
CYP,0.58435
CZK,32.073
DKK,7.4303
EEK,15.6466
GBP,0.70435
HUF,256.7
LTL,3.4524
LVL,0.6473
MTL,0.4289
PLN,4.5183
ROL,38797.0
SEK,9.006
SIT,235.65
SKK,41.278
CHF,1.5493
ISK,88.82
NOK,8.225
TRL,1646000.0
AUD,1.6948
CAD,1.5458
HKD,9.0416
KRW,1340.67
NZD,1.9541
SGD,2.0142
ZAR,8.1615
