currency,rate
USD,1.1823
JPY,128.93
BGN,1.948
CYP,0.58384
CZK,31.897
DKK,7.436
EEK,15.6466
GBP,0.69605
HUF,258.79
LTL,3.4529
LVL,0.6501
MTL,0.4283
PLN,4.6364
ROL,40039.0
SEK,8.962
SIT,236.305
SKK,40.963
CHF,1.5527
ISK,88.99
NOK,8.1645
TRL,1739609.0
AUD,1.6393
CAD,1.5461
HKD,9.1799
KRW,1423.49
NZD,1.8496
SGD,2.0384
ZAR,7.7768
