currency,rate
USD,1.1975
JPY,130.86
BGN,1.9532
CYP,0.58387
CZK,32.456
DKK,7.4415
EEK,15.6466
GBP,0.69585
HUF,273.92
LTL,3.4524
LVL,0.6547
MTL,0.4287
PLN,4.6722
ROL,40172.0
SEK,9.0117
SIT,236.415
SKK,41.2
CHF,1.5552
ISK,89.4
NOK,8.1635
TRL,1746628.0
AUD,1.6444
CAD,1.5636
HKD,9.2951
KRW,1431.49
NZD,1.8606
SGD,2.062
ZAR,7.6573
