currency,rate
USD,1.1353
JPY,136.11
BGN,1.9463
CYP,0.58706
CZK,32.06
DKK,7.4343
EEK,15.6466
GBP,0.70635
HUF,261.32
LTL,3.4527
LVL,0.6489
MTL,0.4281
PLN,4.375
ROL,37355.0
SEK,9.2085
SIT,234.915
SKK,41.735
CHF,1.5372
ISK,88.21
NOK,8.165
TRL,1603000.0
AUD,1.7527
CAD,1.592
HKD,8.8547
KRW,1345.27
NZD,1.9643
SGD,1.9952
ZAR,8.3036
