currency,rate
USD,1.1768
JPY,129.92
BGN,1.9477
CYP,0.58449
CZK,31.92
DKK,7.4292
EEK,15.6466
GBP,0.70455
HUF,253.96
LTL,3.4526
LVL,0.6519
MTL,0.4291
PLN,4.5599
ROL,38602.0
SEK,8.9682
SIT,235.74
SKK,41.31
CHF,1.5494
ISK,89.6
NOK,8.203
TRL,1622000.0
AUD,1.7071
CAD,1.5723
HKD,9.0748
KRW,1354.56
NZD,1.9693
SGD,2.0279
ZAR,8.0313
