currency,rate
USD,1.0828
JPY,127.11
BGN,1.9464
CYP,0.58445
CZK,32.55
DKK,7.4297
EEK,15.6466
GBP,0.69035
HUF,256.6
LTL,3.4524
LVL,0.6274
MTL,0.4244
PLN,4.343
ROL,37020.0
SEK,9.22
SIT,235.12
SKK,42.045
CHF,1.5415
ISK,87.0
NOK,8.2785
TRL,1523000.0
AUD,1.6941
CAD,1.5225
HKD,8.4449
KRW,1275.59
NZD,1.8997
SGD,1.901
ZAR,7.9297
