currency,rate
USD,1.1543
JPY,138.2
BGN,1.9463
CYP,0.58651
CZK,31.564
DKK,7.4303
EEK,15.6466
GBP,0.69605
HUF,264.63
LTL,3.4529
LVL,0.6532
MTL,0.4274
PLN,4.4239
ROL,37860.0
SEK,9.197
SIT,233.87
SKK,41.385
CHF,1.5582
ISK,88.08
NOK,8.3075
TRL,1627000.0
AUD,1.7081
CAD,1.5541
HKD,9.0018
KRW,1373.73
NZD,1.9424
SGD,2.029
ZAR,8.6396
