currency,rate
USD,1.2173
JPY,128.59
BGN,1.9462
CYP,0.58617
CZK,32.729
DKK,7.4472
EEK,15.6466
GBP,0.66985
HUF,251.06
LTL,3.4526
LVL,0.6546
MTL,0.4262
PLN,4.7489
ROL,40281.0
SEK,9.2665
SIT,238.17
SKK,40.23
CHF,1.556
ISK,87.51
NOK,8.446
TRL,1607394.0
AUD,1.6314
CAD,1.6106
HKD,9.4922
KRW,1409.21
NZD,1.8705
SGD,2.0564
ZAR,8.0243
