currency,rate
USD,1.2634
JPY,134.11
BGN,1.9558
CYP,0.58651
CZK,32.363
DKK,7.4481
EEK,15.6466
GBP,0.69455
HUF,263.65
LTL,3.4534
LVL,0.6716
MTL,0.4305
PLN,4.6747
ROL,41287.0
SEK,9.08725
SIT,237.13
SKK,40.876
CHF,1.5697
ISK,88.75
NOK,8.608
TRL,1727017.0
AUD,1.6396
CAD,1.628
HKD,9.8086
KRW,1493.91
NZD,1.8783
SGD,2.1423
ZAR,8.3893
