currency,rate
USD,1.2592
JPY,134.72
BGN,1.9557
CYP,0.58637
CZK,32.398
DKK,7.4452
EEK,15.6466
GBP,0.70545
HUF,261.93
LTL,3.4525
LVL,0.6715
MTL,0.4316
PLN,4.7029
ROL,41122.0
SEK,9.05
SIT,236.85
SKK,41.145
CHF,1.5615
ISK,89.36
NOK,8.3935
TRL,1760013.0
AUD,1.6683
CAD,1.628
HKD,9.7769
KRW,1504.81
NZD,1.9184
SGD,2.1427
ZAR,8.4395
