currency,rate
USD,1.2692
JPY,134.7
BGN,1.9555
CYP,0.58675
CZK,32.59
DKK,7.4481
EEK,15.6466
GBP,0.69015
HUF,265.85
LTL,3.4532
LVL,0.6725
MTL,0.4301
PLN,4.7478
ROL,41264.0
SEK,9.1755
SIT,237.43
SKK,40.615
CHF,1.5601
ISK,88.49
NOK,8.567
TRL,1711949.0
AUD,1.632
CAD,1.6159
HKD,9.8545
KRW,1497.97
NZD,1.8611
SGD,2.1514
ZAR,9.0622
