currency,rate
USD,1.2529
JPY,133.54
BGN,1.9556
CYP,0.58624
CZK,33.207
DKK,7.4505
EEK,15.6466
GBP,0.68315
HUF,268.45
LTL,3.4534
LVL,0.6674
MTL,0.4288
PLN,4.8623
ROL,40903.0
SEK,9.1175
SIT,237.32
SKK,40.7
CHF,1.5694
ISK,86.25
NOK,8.7355
TRL,1691400.0
AUD,1.6458
CAD,1.6765
HKD,9.741
KRW,1463.45
NZD,1.828
SGD,2.1236
ZAR,8.855
