currency,rate
USD,1.2261
JPY,131.22
BGN,1.9464
CYP,0.58599
CZK,33.153
DKK,7.4474
EEK,15.6466
GBP,0.67215
HUF,254.45
LTL,3.4533
LVL,0.6584
MTL,0.4268
PLN,4.7366
ROL,39955.0
SEK,9.2493
SIT,238.02
SKK,40.41
CHF,1.5625
ISK,86.97
NOK,8.502
TRL,1627981.0
AUD,1.6522
CAD,1.6414
HKD,9.5547
KRW,1422.09
NZD,1.8828
SGD,2.0727
ZAR,8.1894
