currency,rate
USD,1.2563
JPY,133.05
BGN,1.9558
CYP,0.58617
CZK,33.072
DKK,7.4485
EEK,15.6466
GBP,0.68685
HUF,263.2
LTL,3.4534
LVL,0.6682
MTL,0.4293
PLN,4.7327
ROL,40700.0
SEK,9.1255
SIT,237.38
SKK,40.655
CHF,1.5688
ISK,86.78
NOK,8.682
TRL,1668765.0
AUD,1.6209
CAD,1.6525
HKD,9.7576
KRW,1471.69
NZD,1.8601
SGD,2.1269
ZAR,8.7732
