currency,rate
USD,1.2517
JPY,132.51
BGN,1.9559
CYP,0.58606
CZK,32.918
DKK,7.4485
EEK,15.6466
GBP,0.69085
HUF,262.65
LTL,3.4529
LVL,0.6675
MTL,0.4297
PLN,4.7234
ROL,40804.0
SEK,9.1591
SIT,237.34
SKK,40.585
CHF,1.5681
ISK,86.72
NOK,8.601
TRL,1655012.0
AUD,1.6197
CAD,1.6416
HKD,9.7185
KRW,1473.25
NZD,1.8596
SGD,2.1271
ZAR,8.9168
