currency,rate
USD,1.4516
JPY,166.22
BGN,1.9558
CYP,0.585274
CZK,26.608
DKK,7.4568
EEK,15.6466
GBP,0.72885
HUF,254.02
LTL,3.4528
LVL,0.6967
MTL,0.4293
PLN,3.608
RON,3.5388
SEK,9.4685
SKK,33.614
CHF,1.6682
ISK,91.75
NOK,7.9955
HRK,7.3278
RUB,35.796
TRY,1.7072
AUD,1.6624
CAD,1.4265
CNY,10.6221
HKD,11.3219
IDR,13670.44
KRW,1365.37
MYR,4.8396
NZD,1.8882
PHP,60.205
SGD,2.1063
THB,43.46
ZAR,9.9752
