currency,rate
USD,1.4683
JPY,164.21
BGN,1.9558
CYP,0.585274
CZK,26.248
DKK,7.4614
EEK,15.6466
GBP,0.71935
HUF,252.41
LTL,3.4528
LVL,0.6969
MTL,0.4293
PLN,3.5864
RON,3.526
SEK,9.4398
SKK,33.293
CHF,1.6683
ISK,89.6
NOK,7.932
HRK,7.3174
RUB,35.908
TRY,1.7231
AUD,1.6724
CAD,1.4915
CNY,10.8202
HKD,11.4481
IDR,13669.87
KRW,1358.1
MYR,4.8634
NZD,1.8766
PHP,60.215
SGD,2.1154
THB,44.372
ZAR,9.942
