currency,rate
USD,1.4721
JPY,164.93
BGN,1.9558
CYP,0.585274
CZK,26.628
DKK,7.4583
EEK,15.6466
GBP,0.73335
HUF,253.73
LTL,3.4528
LVL,0.6964
MTL,0.4293
PLN,3.5935
RON,3.6077
SEK,9.4415
SKK,33.583
CHF,1.6547
ISK,91.9
NOK,7.958
HRK,7.3308
RUB,35.986
TRY,1.717
AUD,1.6757
CAD,1.4449
CNY,10.7524
HKD,11.48
IDR,13826.7
KRW,1377.96
MYR,4.8682
NZD,1.9024
PHP,60.724
SGD,2.1163
THB,43.8
ZAR,10.0298
