currency,rate
USD,1.4416
JPY,163.44
BGN,1.9558
CYP,0.585274
CZK,26.353
DKK,7.462
EEK,15.6466
GBP,0.71485
HUF,253.8
LTL,3.4528
LVL,0.6964
MTL,0.4293
PLN,3.6115
RON,3.5397
SEK,9.4381
SKK,33.561
CHF,1.6602
ISK,90.69
NOK,8.026
HRK,7.303
RUB,35.613
TRY,1.7146
AUD,1.6703
CAD,1.4503
CNY,10.6465
HKD,11.2456
IDR,13543.83
KRW,1354.31
MYR,4.833
NZD,1.9034
PHP,60.547
SGD,2.1035
THB,44.075
ZAR,9.9649
